availability,price,rating,title
In stock,£51.77,Three,A Light in the Attic
In stock,£53.74,One,Tipping the Velvet
In stock,£50.10,One,Soumission
In stock,£47.82,Four,Sharp Objects
In stock,£54.23,Five,Sapiens: A Brief History of Humankind
In stock,£22.65,One,The Requiem Red
In stock,£33.34,Four,The Dirty Little Secrets of Getting Your Dream Job
In stock,£17.93,Three,"The Coming Woman: A Novel Based on the Life of the Infamous Feminist, Victoria Woodhull"
In stock,£22.60,Four,The Boys in the Boat: Nine Americans and Their Epic Quest for Gold at the 1936 Berlin Olympics
In stock,£52.15,One,The Black Maria
In stock,£13.99,Two,"Starving Hearts (Triangular Trade Trilogy, #1)"
In stock,£20.66,Four,Shakespeare's Sonnets
In stock,£17.46,Five,Set Me Free
In stock,£52.29,Five,Scott Pilgrim's Precious Little Life (Scott Pilgrim #1)
In stock,£35.02,Five,Rip it Up and Start Again
In stock,£57.25,Three,"Our Band Could Be Your Life: Scenes from the American Indie Underground, 1981-1991"
In stock,£23.88,One,Olio
In stock,£37.59,One,Mesaerion: The Best Science Fiction Stories 1800-1849
In stock,£51.33,Two,Libertarianism for Beginners
In stock,£45.17,Two,It's Only the Himalayas
In stock,£12.84,One,In Her Wake
In stock,£37.32,Two,How Music Works
In stock,£30.52,Three,"Foolproof Preserving: A Guide to Small Batch Jams, Jellies, Pickles, Condiments, and More: A Foolproof Guide to Making Small Batch Jams, Jellies, Pickles, Condiments, and More"
In stock,£25.27,Five,Chase Me (Paris Nights #2)
In stock,£34.53,Five,Black Dust
In stock,£54.64,Three,Birdsong: A Story in Pictures
In stock,£22.50,Three,America's Cradle of Quarterbacks: Western Pennsylvania's Football Factory from Johnny Unitas to Joe Montana
In stock,£53.13,Three,Aladdin and His Wonderful Lamp
In stock,£40.30,Five,Worlds Elsewhere: Journeys Around Shakespeare’s Globe
In stock,£44.18,Four,Wall and Piece
In stock,£17.66,Five,The Four Agreements: A Practical Guide to Personal Freedom
In stock,£31.05,Three,The Five Love Languages: How to Express Heartfelt Commitment to Your Mate
In stock,£23.82,Five,The Elephant Tree
In stock,£36.89,One,The Bear and the Piano
In stock,£15.94,Five,Sophie's World
In stock,£33.29,Three,Penny Maybe
In stock,£18.02,Two,Maude (1883-1993):She Grew Up with the country
In stock,£19.63,One,"In a Dark, Dark Wood"
In stock,£52.22,Four,Behind Closed Doors
In stock,£33.63,Two,You can't bury them all: Poems
In stock,£57.31,Three,Slow States of Collapse: Poems
In stock,£26.41,Two,Reasons to Stay Alive
In stock,£47.61,Five,Private Paris (Private #10)
In stock,£23.11,Five,#HigherSelfie: Wake Up Your Life. Free Your Soul. Find Your Tribe.
In stock,£45.07,Two,Without Borders (Wanderlove #1)
In stock,£31.77,One,When We Collided
In stock,£50.27,Five,"We Love You, Charlie Freeman"
In stock,£14.27,Four,Untitled Collection: Sabbath Poems 2014
In stock,£44.18,Four,"Unseen City: The Majesty of Pigeons, the Discreet Charm of Snails & Other Wonders of the Urban Wilderness"
In stock,£18.78,Three,Unicorn Tracks
In stock,£25.52,One,"Unbound: How Eight Technologies Made Us Human, Transformed Society, and Brought Our World to the Brink"
In stock,£16.28,One,Tsubasa: WoRLD CHRoNiCLE 2 (Tsubasa WoRLD CHRoNiCLE #2)
In stock,£31.12,Three,Throwing Rocks at the Google Bus: How Growth Became the Enemy of Prosperity
In stock,£19.49,Four,This One Summer
In stock,£17.27,Five,Thirst
In stock,£19.09,One,The Torch Is Passed: A Harding Family Story
In stock,£56.13,One,The Secret of Dreadwillow Carse
In stock,£56.41,One,"The Pioneer Woman Cooks: Dinnertime: Comfort Classics, Freezer Food, 16-Minute Meals, and Other Delicious Ways to Solve Supper!"
In stock,£56.50,Four,The Past Never Ends
In stock,£45.22,Three,The Natural History of Us (The Fine Art of Pretending #2)
In stock,£38.16,Four,The Nameless City (The Nameless City #1)
In stock,£54.11,Three,The Murder That Never Was (Forensic Instincts #5)
In stock,£42.96,Four,The Most Perfect Thing: Inside (and Outside) a Bird's Egg
In stock,£23.89,Four,"The Mindfulness and Acceptance Workbook for Anxiety: A Guide to Breaking Free from Anxiety, Phobias, and Worry Using Acceptance and Commitment Therapy"
In stock,£16.77,Three,The Life-Changing Magic of Tidying Up: The Japanese Art of Decluttering and Organizing
In stock,£20.59,Five,"The Inefficiency Assassin: Time Management Tactics for Working Smarter, Not Longer"
In stock,£37.13,One,The Gutsy Girl: Escapades for Your Life of Epic Adventure
In stock,£56.06,One,The Electric Pencil: Drawings from Inside State Hospital No. 3
In stock,£58.11,Four,The Death of Humanity: and the Case for Life
In stock,£49.05,Three,"The Bulletproof Diet: Lose up to a Pound a Day, Reclaim Energy and Focus, Upgrade Your Life"
In stock,£40.76,Three,The Art Forger
In stock,£19.73,One,The Age of Genius: The Seventeenth Century and the Birth of the Modern Mind
In stock,£32.24,Five,The Activist's Tao Te Ching: Ancient Advice for a Modern Revolution
In stock,£41.83,Four,Spark Joy: An Illustrated Master Class on the Art of Organizing and Tidying Up
In stock,£39.58,Two,Soul Reader
In stock,£39.25,Two,Security
In stock,£25.02,Three,"Saga, Volume 6 (Saga (Collected Editions) #6)"
In stock,£51.04,Two,"Saga, Volume 5 (Saga (Collected Editions) #5)"
In stock,£19.83,Two,Reskilling America: Learning to Labor in the Twenty-First Century
In stock,£50.40,Three,"Rat Queens, Vol. 3: Demons (Rat Queens (Collected Editions) #11-15)"
In stock,£13.61,Five,"Princess Jellyfish 2-in-1 Omnibus, Vol. 01 (Princess Jellyfish 2-in-1 Omnibus #1)"
In stock,£13.34,Five,Princess Between Worlds (Wide-Awake Princess #5)
In stock,£18.97,One,"Pop Gun War, Volume 1: Gift"
In stock,£36.28,Two,"Political Suicide: Missteps, Peccadilloes, Bad Calls, Backroom Hijinx, Sordid Pasts, Rotten Breaks, and Just Plain Dumb Mistakes in the Annals of American Politics"
In stock,£10.16,Three,Patience
In stock,£15.44,Four,"Outcast, Vol. 1: A Darkness Surrounds Him (Outcast #1)"
In stock,£48.41,One,orange: The Complete Collection 1 (orange: The Complete Collection #1)
In stock,£46.35,One,Online Marketing for Busy Authors: A Step-By-Step Guide
In stock,£14.07,Three,On a Midnight Clear
In stock,£14.86,Two,Obsidian (Lux #1)
In stock,£33.37,Two,My Paris Kitchen: Recipes and Stories
In stock,£56.40,Two,Masks and Shadows
In stock,£14.02,Four,"Mama Tried: Traditional Italian Cooking for the Screwed, Crude, Vegan, and Tattooed"
In stock,£46.91,Two,"Lumberjanes, Vol. 2: Friendship to the Max (Lumberjanes #5-8)"
In stock,£45.61,Three,"Lumberjanes, Vol. 1: Beware the Kitten Holy (Lumberjanes #1-4)"
In stock,£19.92,Two,Lumberjanes Vol. 3: A Terrible Plan (Lumberjanes #9-12)
In stock,£40.11,One,"Layered: Baking, Building, and Styling Spectacular Cakes"
In stock,£53.90,Two,Judo: Seven Steps to Black Belt (an Introductory Guide for Beginners)
In stock,£35.67,Five,Join
In stock,£22.00,Four,In the Country We Love: My Family Divided
In stock,£57.36,Five,Immunity: How Elie Metchnikoff Changed the Course of Modern Medicine
In stock,£29.17,Two,"I Hate Fairyland, Vol. 1: Madly Ever After (I Hate Fairyland (Compilations) #1-5)"
In stock,£54.63,Three,I am a Hero Omnibus Volume 1
In stock,£46.03,One,How to Be Miserable: 40 Strategies You Already Use
In stock,£33.97,One,Her Backup Boyfriend (The Sorensen Family #1)
In stock,£22.11,Two,"Giant Days, Vol. 2 (Giant Days #5-8)"
In stock,£29.69,Three,Forever and Forever: The Courtship of Henry Longfellow and Fanny Appleton
In stock,£15.97,Four,First and First (Five Boroughs #3)
In stock,£21.96,One,Fifty Shades Darker (Fifty Shades #2)
In stock,£54.35,Two,Everydata: The Misinformation Hidden in the Little Data You Consume Every Day
In stock,£37.97,Two,"Don't Be a Jerk: And Other Practical Advice from Dogen, Japan's Greatest Zen Master"
In stock,£51.99,Four,Danganronpa Volume 1
In stock,£43.29,Three,Crown of Midnight (Throne of Glass #2)
In stock,£36.72,Four,"Codename Baboushka, Volume 1: The Conclave of Death"
In stock,£17.08,Four,Camp Midnight
In stock,£29.14,Five,Call the Nurse: True Stories of a Country Nurse on a Scottish Isle
In stock,£28.81,Three,Burning
In stock,£49.46,Two,Bossypants
In stock,£37.92,Two,"Bitch Planet, Vol. 1: Extraordinary Machine (Bitch Planet (Collected Editions))"
In stock,£28.09,Two,"Avatar: The Last Airbender: Smoke and Shadow, Part 3 (Smoke and Shadow #3)"
In stock,£30.81,One,Algorithms to Live By: The Computer Science of Human Decisions
In stock,£42.95,One,A World of Flavor: Your Gluten Free Passport
In stock,£56.76,Five,"A Piece of Sky, a Grain of Rice: A Memoir in Four Meditations"
In stock,£16.64,One,A Murder in Time
In stock,£55.53,Five,A Flight of Arrows (The Pathfinders #2)
In stock,£28.13,Four,A Fierce and Subtle Poison
In stock,£52.37,One,A Court of Thorns and Roses (A Court of Thorns and Roses #1)
In stock,£54.00,Five,(Un)Qualified: How God Uses Broken People to Do Big Things
In stock,£21.87,Four,You Are What You Love: The Spiritual Power of Habit
In stock,£43.30,Four,"William Shakespeare's Star Wars: Verily, A New Hope (William Shakespeare's Star Wars #4)"
In stock,£21.04,Two,Tuesday Nights in 1980
In stock,£41.60,Three,Tracing Numbers on a Train
In stock,£35.07,Three,Throne of Glass (Throne of Glass #1)
In stock,£59.64,One,Thomas Jefferson and the Tripoli Pirates: The Forgotten War That Changed American History
In stock,£52.72,One,Thirteen Reasons Why
In stock,£58.08,Four,The White Cat and the Monk: A Retelling of the Poem “Pangur Bán”
In stock,£24.12,One,The Wedding Dress
In stock,£42.15,Four,The Vacationers
In stock,£12.61,Five,The Third Wave: An Entrepreneur’s Vision of the Future
In stock,£17.44,Four,The Stranger
In stock,£33.14,One,The Shadow Hero (The Shadow Hero)
In stock,£27.37,Four,The Secret (The Secret #1)
In stock,£51.36,Five,The Regional Office Is Under Attack!
In stock,£36.00,Two,The Psychopath Test: A Journey Through the Madness Industry
In stock,£10.65,One,The Project
In stock,£43.54,Two,The Power of Now: A Guide to Spiritual Enlightenment
In stock,£38.21,Two,The Omnivore's Dilemma: A Natural History of Four Meals
In stock,£37.34,Five,The Nerdy Nummies Cookbook: Sweet Treats for the Geek in All of Us
In stock,£44.10,Four,The Murder of Roger Ackroyd (Hercule Poirot #4)
In stock,£43.29,Three,The Mistake (Off-Campus #2)
In stock,£55.85,One,The Matchmaker's Playbook (Wingmen Inc. #1)
In stock,£37.60,Two,The Love and Lemons Cookbook: An Apple-to-Zucchini Celebration of Impromptu Cooking
In stock,£10.97,One,The Long Shadow of Small Ghosts: Murder and Memory in an American City
In stock,£41.82,Four,The Kite Runner
In stock,£36.95,One,The House by the Lake
In stock,£44.28,One,The Glittering Court (The Glittering Court #1)
In stock,£55.02,Two,The Girl on the Train
In stock,£17.24,One,The Genius of Birds
In stock,£23.15,Two,The Emerald Mystery
In stock,£41.25,One,The Cookies & Cups Cookbook: 125+ sweet & savory recipes reminding you to Always Eat Dessert First
In stock,£32.00,Three,The Bridge to Consciousness: I'm Writing the Bridge Between Science and Our Old and New Beliefs.
In stock,£38.49,Five,The Artist's Way: A Spiritual Path to Higher Creativity
In stock,£33.34,Five,The Art of War
In stock,£10.93,Two,The Argonauts
In stock,£27.55,Three,The 10% Entrepreneur: Live Your Startup Dream Without Quitting Your Day Job
In stock,£55.99,Two,Suddenly in Love (Lake Haven #1)
In stock,£16.24,Four,Something More Than This
In stock,£26.12,Two,Soft Apocalypse
In stock,£12.23,Two,So You've Been Publicly Shamed
In stock,£23.99,Two,Shoe Dog: A Memoir by the Creator of NIKE
In stock,£29.06,Three,"Shobu Samurai, Project Aryoku (#3)"
In stock,£20.27,One,Secrets and Lace (Fatal Hearts #1)
In stock,£43.55,Five,Scarlett Epstein Hates It Here
In stock,£36.94,One,Romero and Juliet: A Tragic Tale of Love and Zombies
In stock,£20.47,Five,Redeeming Love
In stock,£41.06,One,Poses for Artists Volume 1 - Dynamic and Sitting Poses: An Essential Reference for Figure Drawing and the Human Form
In stock,£14.19,Four,Poems That Make Grown Women Cry
In stock,£38.28,One,"Nightingale, Sing"
In stock,£41.05,One,Night Sky with Exit Wounds
In stock,£30.25,Five,Mrs. Houdini
In stock,£28.26,Five,Modern Romance
In stock,£10.76,One,Miss Peregrine’s Home for Peculiar Children (Miss Peregrine’s Peculiar Children #1)
In stock,£16.85,Two,Louisa: The Extraordinary Life of Mrs. Adams
In stock,£13.47,Three,Little Red
In stock,£48.56,Five,Library of Souls (Miss Peregrine’s Peculiar Children #3)
In stock,£19.15,Two,Large Print Heart of the Pride
In stock,£57.36,Four,I Had a Nice Time And Other Lies...: How to find love & sh*t like that
In stock,£42.98,One,Hollow City (Miss Peregrine’s Peculiar Children #2)
In stock,£22.16,Two,Grumbles
In stock,£49.43,Four,Full Moon over Noah’s Ark: An Odyssey to Mount Ararat and Beyond
In stock,£29.99,Five,Frostbite (Vampire Academy #2)
In stock,£21.36,One,Follow You Home
In stock,£29.00,One,First Steps for New Christians (Print Edition)
In stock,£53.53,Five,Finders Keepers (Bill Hodges Trilogy #2)
In stock,£41.62,Four,"Fables, Vol. 1: Legends in Exile (Fables #1)"
In stock,£54.59,Four,Eureka Trivia 6.0
In stock,£34.95,Four,Drive: The Surprising Truth About What Motivates Us
In stock,£37.72,Five,Done Rubbed Out (Reightman & Bailey #1)
In stock,£35.61,Three,Doing It Over (Most Likely To #1)
In stock,£42.16,Three,"Deliciously Ella Every Day: Quick and Easy Recipes for Gluten-Free Snacks, Packed Lunches, and Simple Meals"
In stock,£19.19,Five,Dark Notes
In stock,£19.43,Three,"Daring Greatly: How the Courage to Be Vulnerable Transforms the Way We Live, Love, Parent, and Lead"
In stock,£49.46,Four,Close to You
In stock,£37.80,Two,Chasing Heaven: What Dying Taught Me About Living
In stock,£30.80,Three,Big Magic: Creative Living Beyond Fear
In stock,£27.43,Two,Becoming Wise: An Inquiry into the Mystery and Art of Living
In stock,£11.11,Two,Beauty Restored (Riley Family Legacy Novellas #3)
In stock,£36.50,Two,Batman: The Long Halloween (Batman)
In stock,£15.38,Five,Batman: The Dark Knight Returns (Batman)
In stock,£15.48,Two,Ayumi's Violin
In stock,£46.82,Four,Anonymous
In stock,£18.46,Three,Amy Meets the Saints and Sages
In stock,£36.58,One,Amid the Chaos
In stock,£50.54,Five,Amatus
In stock,£12.51,Five,Agnostic: A Spirited Manifesto
In stock,£24.70,Three,Zealot: The Life and Times of Jesus of Nazareth
In stock,£43.61,Five,You (You #1)
In stock,£37.34,Four,"Wonder Woman: Earth One, Volume One (Wonder Woman: Earth One #1)"
In stock,£14.36,Two,Wild Swans
In stock,£52.65,Four,Why the Right Went Wrong: Conservatism--From Goldwater to the Tea Party and Beyond
In stock,£38.20,Four,Whole Lotta Creativity Going On: 60 Fun and Unusual Exercises to Awaken and Strengthen Your Creativity
In stock,£19.60,Two,What's It Like in Space?: Stories from Astronauts Who've Been There
In stock,£53.90,One,"We Are Robin, Vol. 1: The Vigilante Business (We Are Robin #1)"
In stock,£12.96,Five,Walt Disney's Alice in Wonderland
In stock,£37.10,Four,V for Vendetta (V for Vendetta Complete)
In stock,£46.31,Two,Until Friday Night (The Field Party #1)
In stock,£45.95,Two,"Unbroken: A World War II Story of Survival, Resilience, and Redemption"
In stock,£22.08,Two,Twenty Yawns
In stock,£25.38,Two,Through the Woods
In stock,£27.12,Two,This Is Where It Ends
In stock,£43.04,Two,The Year of Magical Thinking
In stock,£56.80,Four,The Wright Brothers
In stock,£25.91,Five,The White Queen (The Cousins' War #1)
In stock,£32.61,Three,The Wedding Pact (The O'Malleys #2)
In stock,£27.88,Five,The Time Keeper
In stock,£52.67,Four,The Testament of Mary
In stock,£46.02,Five,The Star-Touched Queen
In stock,£44.48,Five,The Songs of the Gods
In stock,£37.40,Five,The Song of Achilles
In stock,£54.04,One,The Rosie Project (Don Tillman #1)
In stock,£16.88,Three,The Power of Habit: Why We Do What We Do in Life and Business
In stock,£28.08,Four,The Marriage of Opposites
In stock,£10.40,One,The Lucifer Effect: Understanding How Good People Turn Evil
In stock,£44.07,One,The Long Haul (Diary of a Wimpy Kid #9)
In stock,£23.40,One,The Loney
In stock,£17.43,Three,The Literature Book (Big Ideas Simply Explained)
In stock,£54.21,Two,The Last Mile (Amos Decker #2)
In stock,£40.67,Two,The Immortal Life of Henrietta Lacks
In stock,£52.26,Two,The Hidden Oracle (The Trials of Apollo #1)
In stock,£28.77,Three,The Help Yourself Cookbook for Kids: 60 Easy Plant-Based Recipes Kids Can Make to Stay Healthy and Save the Earth
In stock,£13.82,Two,The Guilty (Will Robie #4)
In stock,£25.85,Three,The First Hostage (J.B. Collins #2)
In stock,£48.78,One,The Dovekeepers
In stock,£35.35,Five,The Darkest Lie
In stock,£44.73,Four,The Bane Chronicles (The Bane Chronicles #1-11)
In stock,£15.77,One,The Bad-Ass Librarians of Timbuktu: And Their Race to Save the World’s Most Precious Manuscripts
In stock,£39.24,One,The 14th Colony (Cotton Malone #11)
In stock,£13.92,One,That Darkness (Gardiner and Renner #1)
In stock,£10.69,One,Tastes Like Fear (DI Marnie Rome #3)
In stock,£45.21,Three,Take Me with You
In stock,£45.58,One,Swell: A Year of Waves
In stock,£11.89,Five,Superman Vol. 1: Before Truth (Superman by Gene Luen Yang #1)
In stock,£26.41,Three,Still Life with Bread Crumbs
In stock,£39.50,Five,Steve Jobs
In stock,£44.74,Four,Sorting the Beef from the Bull: The Science of Food Fraud Forensics
In stock,£52.79,Five,Someone Like You (The Harrisons #2)
In stock,£35.43,Four,"So Cute It Hurts!!, Vol. 6 (So Cute It Hurts!! #6)"
In stock,£55.84,Four,Shtum
In stock,£48.87,Three,See America: A Celebration of Our National Parks & Treasured Sites
In stock,£46.78,Four,salt.
In stock,£47.82,Three,Robin War
In stock,£25.48,Two,"Red Hood/Arsenal, Vol. 1: Open for Business (Red Hood/Arsenal #1)"
In stock,£23.57,Three,Rain Fish
In stock,£50.89,Five,"Quarter Life Poetry: Poems for the Young, Broke and Hangry"
In stock,£10.56,Three,Pet Sematary
In stock,£52.15,Three,"Overload: How to Unplug, Unwind, and Unleash Yourself from the Pressure of Stress"
In stock,£18.28,Two,Once Was a Time
In stock,£11.83,Five,Old School (Diary of a Wimpy Kid #10)
In stock,£21.95,Two,No Dream Is Too High: Life Lessons From a Man Who Walked on the Moon
In stock,£38.39,Two,"Naruto (3-in-1 Edition), Vol. 14: Includes Vols. 40, 41 & 42 (Naruto: Omnibus #14)"
In stock,£41.56,One,My Name Is Lucy Barton
In stock,£24.48,Three,My Mrs. Brown
In stock,£40.36,One,My Kind of Crazy
In stock,£28.90,One,Mr. Mercedes (Bill Hodges Trilogy #1)
In stock,£37.61,Two,More Than Music (Chasing the Dream #1)
In stock,£38.85,Five,Made to Stick: Why Some Ideas Survive and Others Die
In stock,£53.95,Three,Luis Paints the World
In stock,£49.83,Three,Luckiest Girl Alive
In stock,£51.51,Two,Lowriders to the Center of the Earth (Lowriders in Space #2)
In stock,£18.03,One,Love Is a Mix Tape (Music #1)
In stock,£29.14,Five,Looking for Lovely: Collecting the Moments that Matter
In stock,£46.91,Four,"Living Leadership by Insight: A Good Leader Achieves, a Great Leader Builds Monuments"
In stock,£26.79,Five,Let It Out: A Journey Through Journaling
In stock,£16.28,Five,Lady Midnight (The Dark Artifices #1)
In stock,£19.55,One,"It's All Easy: Healthy, Delicious Weeknight Meals in under 30 Minutes"
In stock,£29.65,One,Island of Dragons (Unwanteds #7)
In stock,£25.98,Four,I Know What I'm Doing -- and Other Lies I Tell Myself: Dispatches from a Life Under Construction
In stock,£10.60,Four,I Am Pilgrim (Pilgrim #1)
In stock,£14.75,Five,"Hyperbole and a Half: Unfortunate Situations, Flawed Coping Mechanisms, Mayhem, and Other Things That Happened"
In stock,£47.02,Three,"Hush, Hush (Hush, Hush #1)"
In stock,£28.82,One,Hold Your Breath (Search and Rescue #1)
In stock,£58.79,Three,Hamilton: The Revolution
In stock,£10.23,Five,Greek Mythic History
In stock,£30.03,Five,God: The Most Unpleasant Character in All Fiction
In stock,£45.84,Three,Glory over Everything: Beyond The Kitchen House
In stock,£49.05,Three,Feathers: Displays of Brilliant Plumage
In stock,£15.06,Four,"Far & Away: Places on the Brink of Change: Seven Continents, Twenty-Five Years"
In stock,£46.47,Three,Every Last Word
In stock,£27.09,Three,Eligible (The Austen Project #4)
In stock,£57.62,Five,El Deafo
In stock,£14.39,Four,Eight Hundred Grapes
In stock,£51.75,Five,"Eaternity: More than 150 Deliciously Easy Vegan Recipes for a Long, Healthy, Satisfied, Joyful Life"
In stock,£54.07,Two,"Eat Fat, Get Thin"
In stock,£55.35,One,Don't Get Caught
In stock,£40.12,Two,Doctor Sleep (The Shining #2)
In stock,£37.51,Five,Demigods & Magicians: Percy and Annabeth Meet the Kanes (Percy Jackson & Kane Chronicles Crossover #1-3)
In stock,£11.21,Five,Dear Mr. Knightley
In stock,£36.58,One,Daily Fantasy Sports
In stock,£47.72,Two,Crazy Love: Overwhelmed by a Relentless God
In stock,£25.01,Three,Cometh the Hour (The Clifton Chronicles #6)
In stock,£22.13,Four,Code Name Verity (Code Name Verity #1)
In stock,£44.14,One,Clockwork Angel (The Infernal Devices #1)
In stock,£56.02,Four,City of Glass (The Mortal Instruments #3)
In stock,£11.23,Four,City of Fallen Angels (The Mortal Instruments #4)
In stock,£43.28,One,City of Bones (The Mortal Instruments #1)
In stock,£47.27,One,City of Ashes (The Mortal Instruments #2)
In stock,£20.29,Four,Cell
In stock,£50.83,Three,Catching Jordan (Hundred Oaks)
In stock,£31.85,Three,"Carry On, Warrior: Thoughts on Life Unarmed"
In stock,£46.23,Two,Carrie
In stock,£37.80,Four,Buying In: The Secret Dialogue Between What We Buy and Who We Are
In stock,£49.32,Five,Brain on Fire: My Month of Madness
In stock,£32.01,Two,Batman: Europa
In stock,£28.01,One,Barefoot Contessa Back to Basics
In stock,£50.62,Five,Barefoot Contessa at Home: Everyday Recipes You'll Make Over and Over Again
In stock,£17.03,Three,Balloon Animals
In stock,£48.80,Three,Art Ops Vol. 1
In stock,£58.14,Four,Aristotle and Dante Discover the Secrets of the Universe (Aristotle and Dante Discover the Secrets of the Universe #1)
In stock,£34.20,Two,Angels Walking (Angels Walking #1)
In stock,£51.48,Three,Angels & Demons (Robert Langdon #1)
In stock,£29.87,Five,All the Light We Cannot See
In stock,£10.90,Two,"Adulthood Is a Myth: A ""Sarah's Scribbles"" Collection"
In stock,£56.37,Five,Abstract City
In stock,£48.35,Five,A Time of Torment (Charlie Parker #14)
In stock,£16.73,Two,A Study in Scarlet (Sherlock Holmes #1)
In stock,£56.48,Two,"A Series of Catastrophes and Miracles: A True Story of Love, Science, and Cancer"
In stock,£40.79,Two,A People's History of the United States
In stock,£39.72,One,A Man Called Ove
In stock,£14.58,Three,A Distant Mirror: The Calamitous 14th Century
In stock,£55.51,One,A Brush of Wings (Angels Walking #3)
In stock,£21.80,Three,1491: New Revelations of the Americas Before Columbus
In stock,£13.33,Three,"The Three Searches, Meaning, and the Story"
In stock,£38.73,One,Searching for Meaning in Gailana
In stock,£37.86,Four,Rook
In stock,£11.53,Two,My Kitchen Year: 136 Recipes That Saved My Life
In stock,£27.06,One,13 Hours: The Inside Account of What Really Happened In Benghazi
In stock,£13.86,Three,Will You Won't You Want Me?
In stock,£37.55,One,Tipping Point for Planet Earth: How Close Are We to the Edge?
In stock,£32.30,Five,The Star-Touched Queen
In stock,£46.29,Five,The Silent Sister (Riley MacPherson #1)
In stock,£26.20,One,The Midnight Watch: A Novel of the Titanic and the Californian
In stock,£33.26,Two,The Lonely City: Adventures in the Art of Being Alone
In stock,£59.15,Four,The Gray Rhino: How to Recognize and Act on the Obvious Dangers We Ignore
In stock,£39.43,One,The Golden Condom: And Other Essays on Love Lost and Found
In stock,£14.44,Five,The Epidemic (The Program 0.6)
In stock,£56.54,Two,The Dinner Party
In stock,£59.90,Three,The Diary of a Young Girl
In stock,£11.88,Three,The Children
In stock,£48.05,Two,Stars Above (The Lunar Chronicles #4.5)
In stock,£21.21,Three,Snatched: How A Drug Queen Went Undercover for the DEA and Was Kidnapped By Colombian Guerillas
In stock,£49.67,Four,Raspberry Pi Electronics Projects for the Evil Genius
In stock,£43.14,One,Quench Your Own Thirst: Business Lessons Learned Over a Beer or Two
In stock,£36.97,Five,Psycho: Sanitarium (Psycho #1.5)
In stock,£26.80,Three,Poisonous (Max Revere Novels #3)
In stock,£15.71,Four,One with You (Crossfire #5)
In stock,£54.65,Four,No Love Allowed (Dodge Cove #1)
In stock,£54.36,Four,Murder at the 42nd Street Library (Raymond Ambler #1)
In stock,£35.28,Three,Most Wanted
In stock,£20.55,Two,"Love, Lies and Spies"
In stock,£58.32,Five,How to Speak Golf: An Illustrated Guide to Links Lingo
In stock,£11.84,One,Hide Away (Eve Duncan #20)
In stock,£41.46,Four,Furiously Happy: A Funny Book About Horrible Things
In stock,£20.10,Five,Everyday Italian: 125 Simple and Delicious Recipes
In stock,£56.86,One,Equal Is Unfair: America's Misguided Fight Against Income Inequality
In stock,£56.51,Five,Eleanor & Park
In stock,£40.83,Four,Dirty (Dive Bar #1)
In stock,£48.64,One,Can You Keep a Secret? (Fear Street Relaunch #4)
In stock,£59.48,Three,Boar Island (Anna Pigeon #19)
In stock,£39.01,Four,A Paris Apartment
In stock,£38.77,One,"A la Mode: 120 Recipes in 60 Pairings: Pies, Tarts, Cakes, Crisps, and More Topped with Ice Cream, Gelato, Frozen Custard, and More"
In stock,£48.39,Two,Troublemaker: Surviving Hollywood and Scientology
In stock,£27.26,Two,The Widow
In stock,£11.68,Four,"The Sleep Revolution: Transforming Your Life, One Night at a Time"
In stock,£59.45,One,The Improbability of Love
In stock,£21.00,Three,The Art of Startup Fundraising
In stock,£53.98,Three,Take Me Home Tonight (Rock Star Romance #3)
In stock,£48.74,One,Sleeping Giants (Themis Files #1)
In stock,£21.15,Two,"Setting the World on Fire: The Brief, Astonishing Life of St. Catherine of Siena"
In stock,£13.71,Three,Playing with Fire
In stock,£47.67,Three,Off the Hook (Fishing for Trouble #1)
In stock,£13.34,Two,Mothering Sunday
In stock,£16.89,Five,"Mother, Can You Not?"
In stock,£27.18,One,M Train
In stock,£17.28,Two,Lilac Girls
In stock,£45.14,One,Lies and Other Acts of Love
In stock,£40.85,One,Lab Girl
In stock,£20.46,Four,Keep Me Posted
In stock,£56.27,Three,It Didn't Start with You: How Inherited Family Trauma Shapes Who We Are and How to End the Cycle
In stock,£48.49,Four,Grey (Fifty Shades #4)
In stock,£51.34,Four,"Exit, Pursued by a Bear"
In stock,£16.34,Three,Daredevils
In stock,£20.50,Three,Cravings: Recipes for What You Want to Eat
In stock,£21.59,Five,Born for This: How to Find the Work You Were Meant to Do
In stock,£21.36,Four,Arena
In stock,£20.88,Five,Adultery
In stock,£19.53,Three,A Mother's Reckoning: Living in the Aftermath of Tragedy
In stock,£14.75,Five,A Gentleman's Position (Society of Gentlemen #3)
In stock,£48.48,Three,11/22/63
In stock,£24.57,Two,"10% Happier: How I Tamed the Voice in My Head, Reduced Stress Without Losing My Edge, and Found Self-Help That Actually Works"
In stock,£49.71,Five,10-Day Green Smoothie Cleanse: Lose Up to 15 Pounds in 10 Days!
In stock,£48.27,Five,Without Shame
In stock,£58.05,Four,Watchmen
In stock,£58.87,Four,Unlimited Intuition Now
In stock,£11.82,Two,Underlying Notes
In stock,£28.03,One,The Shack
In stock,£44.05,Five,The New Brand You: Your New Image Makes the Sale for You
In stock,£12.34,Four,"The Moosewood Cookbook: Recipes from Moosewood Restaurant, Ithaca, New York"
In stock,£16.68,Two,The Flowers Lied
In stock,£55.91,One,"The Fabric of the Cosmos: Space, Time, and the Texture of Reality"
In stock,£24.57,Three,The Book of Mormon
In stock,£52.98,Five,The Art and Science of Low Carbohydrate Living
In stock,£54.40,One,The Alien Club
In stock,£54.81,Five,Suzie Snowflake: One beautiful flake (a self-esteem story)
In stock,£25.08,One,Nap-a-Roo
In stock,£10.41,Four,"NaNo What Now? Finding your editing process, revising your NaNoWriMo book and building a writing career through publishing and beyond"
In stock,£47.44,Two,Modern Day Fables
In stock,£20.91,One,If I Gave You God's Phone Number....: Searching for Spirituality in America
In stock,£33.95,Four,"Fruits Basket, Vol. 9 (Fruits Basket #9)"
In stock,£43.68,Three,Dress Your Family in Corduroy and Denim
In stock,£33.23,One,Don't Forget Steven
In stock,£35.92,Two,Chernobyl 01:23:40: The Incredible True Story of the World's Worst Nuclear Disaster
In stock,£48.63,Four,Art and Fear: Observations on the Perils (and Rewards) of Artmaking
In stock,£56.63,Three,A Shard of Ice (The Black Symphony Saga #1)
In stock,£50.49,Three,A Hero's Curse (The Unseen Chronicles #1)
In stock,£35.79,Two,23 Degrees South: A Tropical Tale of Changing Whether...
In stock,£34.06,Three,"Zero to One: Notes on Startups, or How to Build the Future"
In stock,£17.76,One,Why Not Me?
In stock,£39.36,Two,When Breath Becomes Air
In stock,£36.94,Two,Vagabonding: An Uncommon Guide to the Art of Long-Term World Travel
In stock,£43.62,Five,The Unlikely Pilgrimage of Harold Fry (Harold Fry #1)
In stock,£43.02,Three,The New Drawing on the Right Side of the Brain
In stock,£28.45,Four,"The Midnight Assassin: Panic, Scandal, and the Hunt for America's First Serial Killer"
In stock,£41.39,Two,The Martian (The Martian #1)
In stock,£51.15,One,The High Mountains of Portugal
In stock,£35.88,One,The Grownup
In stock,£36.91,One,The E-Myth Revisited: Why Most Small Businesses Don't Work and What to Do About It
In stock,£28.93,One,South of Sunshine
In stock,£38.89,Five,Smarter Faster Better: The Secrets of Being Productive in Life and Business
In stock,£58.33,Three,Silence in the Dark (Logan Point #4)
In stock,£39.67,Five,Shadows of the Past (Logan Point #1)
In stock,£14.10,Five,Roller Girl
In stock,£21.82,Three,Rising Strong
In stock,£54.21,One,Proofs of God: Classical Arguments from Tertullian to Barth
In stock,£31.19,Four,Please Kill Me: The Uncensored Oral History of Punk
In stock,£53.64,Five,Out of Print: City Lights Spotlight No. 14
In stock,£36.39,Five,My Life Next Door (My Life Next Door )
In stock,£58.54,Two,Miller's Valley
In stock,£29.48,Three,Man's Search for Meaning
In stock,£25.06,Two,"Love That Boy: What Two Presidents, Eight Road Trips, and My Son Taught Me About a Parent's Expectations"
In stock,£12.55,Three,Living Forward: A Proven Plan to Stop Drifting and Get the Life You Want
In stock,£29.04,Five,Les Fleurs du Mal
In stock,£40.72,Two,Left Behind (Left Behind #1)
In stock,£45.05,Five,Kill 'Em and Leave: Searching for James Brown and the American Soul
In stock,£47.13,One,Kierkegaard: A Christian Missionary to Christians
In stock,£20.22,Four,John Vassos: Industrial Design for Modern Life
In stock,£56.48,One,I'll Give You the Sun
In stock,£44.21,One,I Will Find You
In stock,£21.96,Four,Hystopia: A Novel
In stock,£40.45,Two,Howl and Other Poems
In stock,£10.29,Four,History of Beauty
In stock,£52.86,Two,Heaven is for Real: A Little Boy's Astounding Story of His Trip to Heaven and Back
In stock,£55.65,Five,Future Shock (Future Shock #1)
In stock,£43.64,One,Ender's Game (The Ender Quintet #1)
In stock,£28.41,One,Diary of a Citizen Scientist: Chasing Tiger Beetles and Other New Ways of Engaging the World
In stock,£37.51,Four,Death by Leisure: A Cautionary Tale
In stock,£11.45,Three,Brilliant Beacons: A History of the American Lighthouse
In stock,£19.22,Two,Brazen: The Courage to Find the You That's Been Hiding
In stock,£56.91,Four,Between the World and Me
In stock,£55.06,Four,Being Mortal: Medicine and What Matters in the End
In stock,£13.20,Three,"A Murder Over a Girl: Justice, Gender, Junior High"
In stock,£53.63,Two,32 Yolks
In stock,£44.48,Five,"""Most Blessed of the Patriarchs"": Thomas Jefferson and the Empire of the Imagination"
In stock,£12.08,Three,You Are a Badass: How to Stop Doubting Your Greatness and Start Living an Awesome Life
In stock,£22.14,Two,Wildlife of New York: A Five-Borough Coloring Book
In stock,£25.37,Five,What Happened on Beale Street (Secrets of the South Mysteries #2)
In stock,£46.33,Two,Unreasonable Hope: Finding Faith in the God Who Brings Purpose to Your Pain
In stock,£37.33,Three,Under the Tuscan Sun
In stock,£25.55,One,Toddlers Are A**holes: It's Not Your Fault
In stock,£34.72,One,The Year of Living Biblically: One Man's Humble Quest to Follow the Bible as Literally as Possible
In stock,£35.96,Four,The Whale
In stock,£41.14,Four,The Story of Art
In stock,£10.01,Four,The Origin of Species
In stock,£36.05,Four,The Great Gatsby
In stock,£49.03,Three,The Good Girl
In stock,£16.24,One,The Glass Castle
In stock,£39.55,One,The Faith of Christopher Hitchens: The Restless Soul of the World's Most Notorious Atheist
In stock,£35.67,Three,The Drowning Girls
In stock,£16.62,Three,The Constant Princess (The Tudor Court #1)
In stock,£42.78,Four,The Bourne Identity (Jason Bourne #1)
In stock,£52.30,Five,The Bachelor Girl's Guide to Murder (Herringford and Watts Mysteries #1)
In stock,£32.34,Two,The Art Book
In stock,£33.17,Four,The 7 Habits of Highly Effective People: Powerful Lessons in Personal Change
In stock,£20.12,Five,Team of Rivals: The Political Genius of Abraham Lincoln
In stock,£20.90,Two,Steal Like an Artist: 10 Things Nobody Told You About Being Creative
In stock,£20.90,Three,"Sit, Stay, Love"
In stock,£40.20,Four,Sister Dear
In stock,£52.87,Three,"Shrunken Treasures: Literary Classics, Short, Sweet, and Silly"
In stock,£51.74,One,"Rich Dad, Poor Dad"
In stock,£34.41,Two,Raymie Nightingale
In stock,£32.38,One,Playing from the Heart
In stock,£50.35,Four,Nightstruck: A Novel
In stock,£11.38,Five,"Naturally Lean: 125 Nourishing Gluten-Free, Plant-Based Recipes--All Under 300 Calories"
In stock,£43.58,Three,Meternity
In stock,£49.67,Three,Memoirs of a Geisha
In stock,£28.77,Two,Like Never Before (Walker Family #2)
In stock,£13.22,Four,Life of Pi
In stock,£51.17,Five,Leave This Song Behind: Teen Poetry at Its Best
In stock,£39.61,Five,King's Folly (The Kinsman Chronicles #1)
In stock,£57.43,Four,John Adams
In stock,£46.01,Four,How to Cook Everything Vegetarian: Simple Meatless Recipes for Great Food (How to Cook Everything)
In stock,£28.25,Two,How to Be a Domestic Goddess: Baking and the Art of Comfort Cooking
In stock,£37.05,Five,Good in Bed (Cannie Shapiro #1)
In stock,£19.57,One,"Fruits Basket, Vol. 7 (Fruits Basket #7)"
In stock,£45.13,Three,For the Love: Fighting for Grace in a World of Impossible Standards
In stock,£46.64,Two,Finding God in the Ruins: How God Redeems Pain
In stock,£12.16,Five,Every Heart a Doorway (Every Heart A Doorway #1)
In stock,£20.89,Four,Delivering the Truth (Quaker Midwife Mystery #1)
In stock,£17.97,Five,Counted With the Stars (Out from Egypt #1)
In stock,£52.60,Two,"Chronicles, Vol. 1"
In stock,£25.77,One,Blue Like Jazz: Nonreligious Thoughts on Christian Spirituality
In stock,£48.19,Three,Benjamin Franklin: An American Life
In stock,£29.93,Five,"At The Existentialist Café: Freedom, Being, and apricot cocktails with: Jean-Paul Sartre, Simone de Beauvoir, Albert Camus, Martin Heidegger, Edmund Husserl, Karl Jaspers, Maurice Merleau-Ponty and others"
In stock,£44.34,Two,A Summer In Europe
In stock,£52.40,Five,A Short History of Nearly Everything
In stock,£44.81,Four,A Gathering of Shadows (Shades of Magic #2)
In stock,£57.84,Five,The Sound Of Love
In stock,£39.67,Two,The Rise and Fall of the Third Reich: A History of Nazi Germany
In stock,£55.02,Three,The Perks of Being a Wallflower
In stock,£24.80,Four,The Mysterious Affair at Styles (Hercule Poirot #1)
In stock,£59.45,Four,The Man Who Mistook His Wife for a Hat and Other Clinical Tales
In stock,£31.58,Two,The Makings of a Fatherless Child
In stock,£43.27,Four,The Joy of Cooking
In stock,£37.34,One,The Invention of Wings
In stock,£17.80,Five,The Hobbit (Middle-Earth Universe)
In stock,£30.54,One,The Great Railway Bazaar
In stock,£18.77,One,The Golden Compass (His Dark Materials #1)
In stock,£46.85,Three,The God Delusion
In stock,£15.79,One,The Girl You Left Behind (The Girl You Left Behind #1)
In stock,£10.27,Two,The Fellowship of the Ring (The Lord of the Rings #1)
In stock,£15.42,Five,The Collected Poems of W.B. Yeats (The Collected Works of W.B. Yeats #1)
In stock,£59.92,Five,The Barefoot Contessa Cookbook
In stock,£50.96,Two,Tell the Wolves I'm Home
In stock,£30.60,Three,Ship Leaves Harbor: Essays on Travel by a Recovering Journeyman
In stock,£19.27,Four,Pride and Prejudice
In stock,£46.58,One,Musicophilia: Tales of Music and the Brain
In stock,£48.51,Three,Mere Christianity
In stock,£19.02,One,Me Before You (Me Before You #1)
In stock,£38.38,Two,In the Woods (Dublin Murder Squad #1)
In stock,£49.98,Four,In Cold Blood
In stock,£46.49,Five,How to Stop Worrying and Start Living
In stock,£18.32,Two,Give It Back
In stock,£42.14,Three,"Girl, Interrupted"
In stock,£56.59,Four,Fun Home: A Family Tragicomic
In stock,£20.96,Four,"Fruits Basket, Vol. 6 (Fruits Basket #6)"
In stock,£40.32,Four,Deception Point
In stock,£36.39,Three,"Death Note, Vol. 6: Give-and-Take (Death Note #6)"
In stock,£58.55,Four,Catherine the Great: Portrait of a Woman
In stock,£39.61,Three,Better Homes and Gardens New Cook Book
In stock,£21.30,Three,An Unquiet Mind: A Memoir of Moods and Madness
In stock,£56.88,Four,A Year in Provence (Provence #1)
In stock,£32.97,Four,World Without End (The Pillars of the Earth #2)
In stock,£47.31,Four,"Will Grayson, Will Grayson (Will Grayson, Will Grayson)"
In stock,£48.67,Two,Why Save the Bankers?: And Other Essays on Our Economic and Political Crisis
In stock,£41.73,Four,Where She Went (If I Stay #2)
In stock,£53.68,Four,What If?: Serious Scientific Answers to Absurd Hypothetical Questions
In stock,£14.64,One,Two Summers
In stock,£38.40,One,This Is Your Brain on Music: The Science of a Human Obsession
In stock,£15.08,Four,The Secret Garden
In stock,£30.57,Two,The Raven King (The Raven Cycle #4)
In stock,£57.74,Four,The Raven Boys (The Raven Cycle #1)
In stock,£11.05,Five,The Power Greens Cookbook: 140 Delicious Superfood Recipes
In stock,£28.58,One,The Metamorphosis
In stock,£42.91,Five,The Mathews Men: Seven Brothers and the War Against Hitler's U-boats
In stock,£24.73,Three,The Little Paris Bookshop
In stock,£55.91,Four,The Hiding Place
In stock,£13.76,Three,The Grand Design
In stock,£45.56,Three,The Firm
In stock,£47.22,One,The Fault in Our Stars
In stock,£56.00,Five,The False Prince (The Ascendance Trilogy #1)
In stock,£44.58,Two,The Expatriates
In stock,£34.50,One,The Dream Thieves (The Raven Cycle #2)
In stock,£11.33,Five,The Darkest Corners
In stock,£38.77,Four,The Crossover
In stock,£11.83,Two,The 5th Wave (The 5th Wave #1)
In stock,£45.51,Three,Tell the Wind and Fire
In stock,£41.81,One,Tell Me Three Things
In stock,£25.15,Four,Talking to Girls About Duran Duran: One Young Man's Quest for True Love and a Cooler Haircut
In stock,£34.22,Five,Siddhartha
In stock,£16.23,Five,Shiver (The Wolves of Mercy Falls #1)
In stock,£11.48,Three,Remember Me?
In stock,£23.37,Three,Red Dragon (Hannibal Lecter #1)
In stock,£16.28,Two,Peak: Secrets from the New Science of Expertise
In stock,£31.63,Four,My Mother Was Nuts
In stock,£24.91,Five,Mexican Today: New and Rediscovered Recipes for Contemporary Kitchens
In stock,£22.54,One,Maybe Something Beautiful: How Art Transformed a Neighborhood
In stock,£23.63,Four,Lola and the Boy Next Door (Anna and the French Kiss #2)
In stock,£13.12,Two,Logan Kade (Fallen Crest High #5.5)
In stock,£59.98,Three,Last One Home (New Beginnings #1)
In stock,£31.49,Four,Killing Floor (Jack Reacher #1)
In stock,£15.52,Five,Kill the Boy Band
In stock,£48.13,Five,Isla and the Happily Ever After (Anna and the French Kiss #3)
In stock,£38.13,Five,If I Stay (If I Stay #1)
In stock,£36.55,Two,I Know Why the Caged Bird Sings (Maya Angelou's Autobiography #1)
In stock,£23.32,One,Harry Potter and the Deathly Hallows (Harry Potter #7)
In stock,£16.33,One,"Fruits Basket, Vol. 5 (Fruits Basket #5)"
In stock,£32.42,One,Foundation (Foundation (Publication Order) #1)
In stock,£16.96,One,Fool Me Once
In stock,£22.37,One,Find Her (Detective D.D. Warren #8)
In stock,£42.27,One,Evicted: Poverty and Profit in the American City
In stock,£38.70,Two,Drama
In stock,£35.63,Five,Dracula the Un-Dead
In stock,£58.00,Five,Digital Fortress
In stock,£52.41,One,"Death Note, Vol. 5: Whiteout (Death Note #5)"
In stock,£32.35,Three,"Data, A Love Story: How I Gamed Online Dating to Meet My Match"
In stock,£20.75,One,Critique of Pure Reason
In stock,£17.49,Five,Booked
In stock,£34.13,Five,"Blue Lily, Lily Blue (The Raven Cycle #3)"
In stock,£58.81,Five,Approval Junkie: Adventures in Caring Too Much
In stock,£10.00,Five,An Abundance of Katherines
In stock,£51.22,Two,America's War for the Greater Middle East: A Military History
In stock,£58.59,Four,Alight (The Generations Trilogy #2)
In stock,£31.30,One,A Girl's Guide to Moving On (New Beginnings #2)
In stock,£46.42,Two,A Game of Thrones (A Song of Ice and Fire #1)
In stock,£17.21,Four,A Feast for Crows (A Song of Ice and Fire #4)
In stock,£10.79,Three,A Clash of Kings (A Song of Ice and Fire #2)
In stock,£52.35,Four,Vogue Colors A to Z: A Fashion Coloring Book
In stock,£27.88,Three,The Shining (The Shining #1)
In stock,£50.26,Two,The Pilgrim's Progress
In stock,£59.99,Three,The Perfect Play (Play by Play #1)
In stock,£28.32,Five,The Passion of Dolssa
In stock,£38.71,Three,The Jazz of Physics: The Secret Link Between Music and the Structure of the Universe
In stock,£29.85,Five,The Hunger Games (The Hunger Games #1)
In stock,£14.82,Two,The Hound of the Baskervilles (Sherlock Holmes #5)
In stock,£16.81,Four,The Gunning of America: Business and the Making of American Gun Culture
In stock,£28.23,Two,The Geography of Bliss: One Grump's Search for the Happiest Places in the World
In stock,£52.11,Two,The Demonists (Demonist #1)
In stock,£27.88,Two,"The Demon Prince of Momochi House, Vol. 4 (The Demon Prince of Momochi House #4)"
In stock,£59.71,Three,The Bone Hunters (Lexy Vaughan & Steven Macaulay #2)
In stock,£46.08,Five,The Beast (Black Dagger Brotherhood #14)
In stock,£13.73,Five,Some Women
In stock,£48.39,Five,Shopaholic Ties the Knot (Shopaholic #3)
In stock,£49.45,Five,Paper and Fire (The Great Library #2)
In stock,£19.67,Five,Outlander (Outlander #1)
In stock,£12.36,Three,"Orchestra of Exiles: The Story of Bronislaw Huberman, the Israel Philharmonic, and the One Thousand Jews He Saved from Nazi Horrors"
In stock,£20.02,Five,No One Here Gets Out Alive
In stock,£12.75,Four,Night Shift (Night Shift #1-20)
In stock,£47.51,Four,Needful Things
In stock,£20.44,Four,Mockingjay (The Hunger Games #3)
In stock,£34.79,Two,Misery
In stock,£28.07,Four,Little Women (Little Women #1)
In stock,£25.01,Three,It
In stock,£13.90,Three,Harry Potter and the Sorcerer's Stone (Harry Potter #1)
In stock,£24.17,Four,Harry Potter and the Prisoner of Azkaban (Harry Potter #3)
In stock,£31.63,Four,Harry Potter and the Order of the Phoenix (Harry Potter #5)
In stock,£48.75,Five,Harry Potter and the Half-Blood Prince (Harry Potter #6)
In stock,£14.74,One,Harry Potter and the Chamber of Secrets (Harry Potter #2)
In stock,£32.49,Three,Gone with the Wind
In stock,£27.80,One,God Is Not Great: How Religion Poisons Everything
In stock,£26.77,One,Girl With a Pearl Earring
In stock,£50.44,Four,"Fruits Basket, Vol. 4 (Fruits Basket #4)"
In stock,£34.93,Two,Far From True (Promise Falls Trilogy #2)
In stock,£12.87,One,Dark Lover (Black Dagger Brotherhood #1)
In stock,£48.94,Two,Confessions of a Shopaholic (Shopaholic #1)
In stock,£13.38,Three,Changing the Game (Play by Play #2)
In stock,£58.63,Three,Candide
In stock,£21.94,One,Can You Keep a Secret?
In stock,£26.58,Five,Atlas Shrugged
In stock,£57.22,Three,Animal Farm
In stock,£56.43,One,A Walk to Remember
In stock,£55.65,Five,A New Earth: Awakening to Your Life's Purpose
In stock,£27.62,One,"A History of God: The 4,000-Year Quest of Judaism, Christianity, and Islam"
In stock,£49.56,Four,'Salem's Lot
In stock,£34.77,One,Zero History (Blue Ant #3)
In stock,£17.73,Three,Wuthering Heights
In stock,£21.80,One,World War Z: An Oral History of the Zombie War
In stock,£46.02,Three,Wild: From Lost to Found on the Pacific Crest Trail
In stock,£18.13,One,"Where'd You Go, Bernadette"
In stock,£30.89,Five,When You Are Engulfed in Flames
In stock,£31.95,Three,We the People: The Modern-Day Figures Who Have Reshaped and Affirmed the Founding Fathers' Vision of America
In stock,£24.04,One,We Are All Completely Beside Ourselves
In stock,£32.36,Three,Walk the Edge (Thunder Road #2)
In stock,£21.07,Five,Voyager (Outlander #3)
In stock,£50.66,Three,Very Good Lives: The Fringe Benefits of Failure and the Importance of Imagination
In stock,£13.66,Two,Vegan Vegetarian Omnivore: Dinner for Everyone at the Table
In stock,£58.09,One,"Unstuffed: Decluttering Your Home, Mind, and Soul"
In stock,£30.00,One,Under the Banner of Heaven: A Story of Violent Faith
In stock,£32.74,Two,Two Boys Kissing
In stock,£41.93,Two,Twilight (Twilight #1)
In stock,£42.80,Two,Twenties Girl
In stock,£53.51,One,"Trespassing Across America: One Man's Epic, Never-Done-Before (and Sort of Illegal) Hike Across the Heartland"
In stock,£23.21,Three,Three-Martini Lunch
In stock,£21.14,One,"Thinking, Fast and Slow"
In stock,£56.07,Three,The Wild Robot
In stock,£14.41,Three,"The Wicked + The Divine, Vol. 3: Commercial Suicide (The Wicked + The Divine)"
In stock,£45.75,Four,The Undomestic Goddess
In stock,£15.77,One,The Travelers
In stock,£10.02,Two,The Tipping Point: How Little Things Can Make a Big Difference
In stock,£48.77,One,The Thing About Jellyfish
In stock,£57.86,Two,The Stand
In stock,£23.59,One,The Smitten Kitchen Cookbook
In stock,£23.05,Five,The Silkworm (Cormoran Strike #2)
In stock,£55.55,Five,"The Sandman, Vol. 3: Dream Country (The Sandman (volumes) #3)"
In stock,£58.64,Four,The Rose & the Dagger (The Wrath and the Dawn #2)
In stock,£23.21,One,The Road to Little Dribbling: Adventures of an American in Britain (Notes From a Small Island #2)
In stock,£42.57,Three,The Rise of Theodore Roosevelt (Theodore Roosevelt #1)
In stock,£10.92,One,The Restaurant at the End of the Universe (Hitchhiker's Guide to the Galaxy #2)
In stock,£34.77,One,The Rest Is Noise: Listening to the Twentieth Century
In stock,£35.66,Five,The Red Tent
In stock,£37.19,Three,The Purpose Driven Life: What on Earth Am I Here for?
In stock,£12.25,One,The Purest Hook (Second Circle Tattoos #3)
In stock,£29.70,Two,The Picture of Dorian Gray
In stock,£36.80,Three,The Paris Wife
In stock,£45.43,One,The Obsession
In stock,£26.26,Four,The Nightingale
In stock,£44.92,Three,The New Guy (and Other Senior Year Distractions)
In stock,£52.53,Five,The Nanny Diaries (Nanny #1)
In stock,£37.25,Two,The Name of God is Mercy
In stock,£20.93,One,The Maze Runner (The Maze Runner #1)
In stock,£58.09,Two,The Lover's Dictionary
In stock,£43.59,Five,The Lonely Ones
In stock,£33.92,Three,The Lean Startup: How Today's Entrepreneurs Use Continuous Innovation to Create Radically Successful Businesses
In stock,£55.55,Two,The Last Painting of Sara de Vos
In stock,£29.64,Four,"The Land of 10,000 Madonnas"
In stock,£27.41,One,The Infinities
In stock,£52.51,Five,The Husband's Secret
In stock,£47.80,Three,The Hitchhiker's Guide to the Galaxy (Hitchhiker's Guide to the Galaxy #1)
In stock,£14.54,Two,The Guns of August
In stock,£49.53,One,The Guernsey Literary and Potato Peel Pie Society
In stock,£43.58,Three,The Goldfinch
In stock,£12.30,One,The Giver (The Giver Quartet #1)
In stock,£49.47,Three,The Girl with All the Gifts
In stock,£22.14,Two,The Girl Who Played with Fire (Millennium Trilogy #2)
In stock,£57.48,One,The Girl Who Kicked the Hornet's Nest (Millennium Trilogy #3)
In stock,£43.45,Three,The Exiled
In stock,£22.13,Four,"The End of Faith: Religion, Terror, and the Future of Reason"
In stock,£13.03,Four,"The Elegant Universe: Superstrings, Hidden Dimensions, and the Quest for the Ultimate Theory"
In stock,£57.35,Five,"The Disappearing Spoon: And Other True Tales of Madness, Love, and the History of the World from the Periodic Table of the Elements"
In stock,£44.29,One,The Devil Wears Prada (The Devil Wears Prada #1)
In stock,£52.25,Four,The Demon-Haunted World: Science as a Candle in the Dark
In stock,£26.33,Five,The Day the Crayons Came Home (Crayons)
In stock,£22.96,Two,The Da Vinci Code (Robert Langdon #2)
In stock,£19.21,One,The Cuckoo's Calling (Cormoran Strike #1)
In stock,£26.78,Four,The Complete Stories and Poems (The Works of Edgar Allan Poe [Cameo Edition])
In stock,£41.32,Five,The Complete Poems
In stock,£24.55,One,The Catcher in the Rye
In stock,£16.26,Two,The Cat in the Hat (Beginner Books B-1)
In stock,£47.84,One,The Case for Christ (Cases for Christianity)
In stock,£53.49,Two,The Book Thief
In stock,£44.84,Five,The Book of Basketball: The NBA According to The Sports Guy
In stock,£53.71,Five,The Blind Side: Evolution of a Game
In stock,£23.43,Two,The Autobiography of Malcolm X
In stock,£34.32,Three,"The Art of Simple Food: Notes, Lessons, and Recipes from a Delicious Revolution"
In stock,£22.10,One,The Art of Fielding
In stock,£25.83,Two,"Surely You're Joking, Mr. Feynman!: Adventures of a Curious Character"
In stock,£36.74,Three,Stiff: The Curious Lives of Human Cadavers
In stock,£49.51,One,Spilled Milk: Based on a True Story
In stock,£48.96,Five,Something Borrowed (Darcy & Rachel #1)
In stock,£54.62,One,Something Blue (Darcy & Rachel #2)
In stock,£24.72,Two,Soldier (Talon #3)
In stock,£46.45,Two,Shopaholic & Baby (Shopaholic #5)
In stock,£52.33,Two,Seven Days in the Art World
In stock,£30.60,Four,Seven Brief Lessons on Physics
In stock,£14.57,Four,Scarlet (The Lunar Chronicles #2)
In stock,£46.29,One,Sarah's Key
In stock,£21.57,Five,"Saga, Volume 3 (Saga (Collected Editions) #3)"
In stock,£12.91,Four,Running with Scissors
In stock,£50.11,Three,Rogue Lawyer (Rogue Lawyer #1)
In stock,£41.67,Four,"Rise of the Rocket Girls: The Women Who Propelled Us, from Missiles to the Moon to Mars"
In stock,£44.88,Two,Rework
In stock,£11.10,Three,Reservations for Two
In stock,£28.54,Three,Red: The True Story of Red Riding Hood
In stock,£19.07,Four,Ready Player One
In stock,£43.55,One,Quiet: The Power of Introverts in a World That Can't Stop Talking
In stock,£43.63,Three,Prodigy: The Graphic Novel (Legend: The Graphic Novel #2)
In stock,£39.13,One,Persepolis: The Story of a Childhood (Persepolis #1-2)
In stock,£56.68,Two,Packing for Mars: The Curious Science of Life in the Void
In stock,£14.16,One,Outliers: The Story of Success
In stock,£31.45,Three,Original Fake
In stock,£24.61,Two,Orange Is the New Black
In stock,£32.87,Two,One for the Money (Stephanie Plum #1)
In stock,£40.17,One,Notes from a Small Island (Notes From a Small Island #1)
In stock,£13.51,One,Night (The Night Trilogy #1)
In stock,£38.95,Three,Neither Here nor There: Travels in Europe
In stock,£31.69,Three,Naked
In stock,£29.40,One,Morning Star (Red Rising #3)
In stock,£57.83,One,"Miracles from Heaven: A Little Girl, Her Journey to Heaven, and Her Amazing Story of Healing"
In stock,£55.46,Two,Midnight Riot (Peter Grant/ Rivers of London - books #1)
In stock,£57.60,Two,Me Talk Pretty One Day
In stock,£34.98,Two,Manuscript Found in Accra
In stock,£11.87,Two,Lust & Wonder
In stock,£12.47,Three,Lila (Gilead #3)
In stock,£33.26,Two,"Life, the Universe and Everything (Hitchhiker's Guide to the Galaxy #3)"
In stock,£59.04,Five,Life Without a Recipe
In stock,£26.13,Two,Life After Life
In stock,£22.20,One,Letter to a Christian Nation
In stock,£45.11,One,Let's Pretend This Never Happened: A Mostly True Memoir
In stock,£43.69,Four,Legend (Legend #1)
In stock,£25.02,One,"Lean In: Women, Work, and the Will to Lead"
In stock,£55.50,Five,"Lamb: The Gospel According to Biff, Christ's Childhood Pal"
In stock,£53.04,Five,Lady Renegades (Rebel Belle #3)
In stock,£44.97,One,Jurassic Park (Jurassic Park #1)
In stock,£42.38,One,It's Never Too Late to Begin Again: Discovering Creativity and Meaning at Midlife and Beyond
In stock,£20.11,Three,Is Everyone Hanging Out Without Me? (And Other Concerns)
In stock,£56.70,Five,Into the Wild
In stock,£41.00,Five,Inferno (Robert Langdon #4)
In stock,£28.85,Three,"In the Garden of Beasts: Love, Terror, and an American Family in Hitler's Berlin"
In stock,£49.97,Four,If I Run (If I Run #1)
In stock,£19.69,One,I've Got Your Number
In stock,£28.88,Two,I Am Malala: The Girl Who Stood Up for Education and Was Shot by the Taliban
In stock,£33.14,Three,Hungry Girl Clean & Hungry: Easy All-Natural Recipes for Healthy Eating in the Real World
In stock,£43.70,Two,"House of Lost Worlds: Dinosaurs, Dynasties, and the Story of Life on Earth"
In stock,£54.89,One,House of Leaves
In stock,£37.52,Two,Horrible Bear!
In stock,£51.07,Two,Holidays on Ice
In stock,£44.07,Four,Heir to the Sky
In stock,£10.79,Four,Green Eggs and Ham (Beginner Books B-16)
In stock,£42.72,One,"Grayson, Vol 3: Nemesis (Grayson #3)"
In stock,£26.66,Five,Gratitude
In stock,£37.60,Five,Gone Girl
In stock,£42.21,Four,Golden (Heart of Dread #3)
In stock,£46.83,Two,Girl in the Blue Coat
In stock,£45.17,Two,"Fruits Basket, Vol. 3 (Fruits Basket #3)"
In stock,£51.22,Three,"Friday Night Lights: A Town, a Team, and a Dream"
In stock,£21.28,Four,Fire Bound (Sea Haven/Sisters of the Heart #5)
In stock,£15.36,Five,Fifty Shades Freed (Fifty Shades #3)
In stock,£38.62,One,Fellside
In stock,£25.40,Three,Extreme Prey (Lucas Davenport #26)
In stock,£43.87,Three,Eragon (The Inheritance Cycle #1)
In stock,£18.74,One,Eclipse (Twilight #3)
In stock,£54.86,One,Dune (Dune #1)
In stock,£52.62,Three,Dracula
In stock,£51.48,One,Do Androids Dream of Electric Sheep? (Blade Runner #1)
In stock,£15.28,Five,Disrupted: My Misadventure in the Start-Up Bubble
In stock,£39.24,Five,Dead Wake: The Last Crossing of the Lusitania
In stock,£17.81,One,"David and Goliath: Underdogs, Misfits, and the Art of Battling Giants"
In stock,£56.02,One,Darkfever (Fever #1)
In stock,£23.90,Five,Dark Places
In stock,£49.13,Five,Crazy Rich Asians (Crazy Rich Asians #1)
In stock,£10.62,One,Counting Thyme
In stock,£36.17,Two,Cosmos
In stock,£59.95,Two,Civilization and Its Discontents
In stock,£26.09,One,Cinder (The Lunar Chronicles #1)
In stock,£37.35,Two,Catastrophic Happiness: Finding Joy in Childhood's Messy Years
In stock,£24.72,Two,Career of Evil (Cormoran Strike #3)
In stock,£35.28,Five,Breaking Dawn (Twilight #4)
In stock,£51.32,Five,Brave Enough
In stock,£21.12,Three,Boy Meets Boy
In stock,£27.35,Two,"Born to Run: A Hidden Tribe, Superathletes, and the Greatest Race the World Has Never Seen"
In stock,£21.74,Five,Blink: The Power of Thinking Without Thinking
In stock,£40.87,One,Black Flags: The Rise of ISIS
In stock,£49.31,One,"Black Butler, Vol. 1 (Black Butler #1)"
In stock,£22.11,One,Big Little Lies
In stock,£20.79,Five,Between Shades of Gray
In stock,£27.41,Two,Best of My Love (Fool's Gold #20)
In stock,£38.35,Two,Beowulf
In stock,£21.55,Five,Beautiful Creatures (Caster Chronicles #1)
In stock,£38.02,Two,Awkward
In stock,£22.06,Four,Ash
In stock,£10.66,Three,Are We There Yet?
In stock,£56.58,One,Are We Smart Enough to Know How Smart Animals Are?
In stock,£36.83,Five,Annie on My Mind
In stock,£35.01,Two,And Then There Were None
In stock,£30.48,Four,A Walk in the Woods: Rediscovering America on the Appalachian Trail
In stock,£14.08,Five,A Visit from the Goon Squad
In stock,£31.22,Two,A Storm of Swords (A Song of Ice and Fire #3)
In stock,£54.29,Five,A Heartbreaking Work of Staggering Genius
In stock,£31.04,One,8 Keys to Mental Health Through Exercise
In stock,£50.96,One,#GIRLBOSS
In stock,£11.89,Two,"The Suffragettes (Little Black Classics, #96)"
In stock,£31.38,Three,The Sense of an Ending
In stock,£54.81,One,"The Sandman, Vol. 2: The Doll's House (The Sandman (volumes) #2)"
In stock,£16.78,Three,The Course of Love
In stock,£24.42,One,Sugar Rush (Offensive Line #2)
In stock,£11.75,Three,"Saga, Volume 2 (Saga (Collected Editions) #2)"
In stock,£20.02,One,"Run, Spot, Run: The Ethics of Keeping Pets"
In stock,£12.86,Four,New Moon (Twilight #2)
In stock,£31.58,Five,Life
In stock,£34.00,Three,Kindle Paperwhite User's Guide
In stock,£57.42,Five,H is for Hawk
In stock,£53.47,One,Girl Online On Tour (Girl Online #2)
In stock,£11.64,Five,"Fruits Basket, Vol. 2 (Fruits Basket #2)"
In stock,£52.88,Four,Diary of a Minecraft Zombie Book 1: A Scare of a Dare (An Unofficial Minecraft Book)
In stock,£18.51,Four,"Y: The Last Man, Vol. 1: Unmanned (Y: The Last Man #1)"
In stock,£41.32,Five,While You Were Mine
In stock,£39.77,Three,Where Lightning Strikes (Bleeding Stars #3)
In stock,£51.96,Three,When I'm Gone
In stock,£39.51,Five,Ways of Seeing
In stock,£15.40,One,"Vampire Knight, Vol. 1 (Vampire Knight #1)"
In stock,£53.82,Two,Vampire Girl (Vampire Girl #1)
In stock,£30.95,Four,Twenty Love Poems and a Song of Despair
In stock,£57.82,Five,Travels with Charley: In Search of America
In stock,£44.18,Two,Three Wishes (River of Time: California #1)
In stock,£48.71,One,This One Moment (Pushing Limits #1)
In stock,£19.69,Five,The Zombie Room
In stock,£36.52,Two,"The Wicked + The Divine, Vol. 1: The Faust Act (The Wicked + The Divine)"
In stock,£41.56,Five,The Tumor
In stock,£43.19,Four,The Story of Hong Gildong
In stock,£12.34,Five,The Silent Wife
In stock,£36.25,Three,The Silent Twin (Detective Jennifer Knight #3)
In stock,£29.45,One,The Selfish Gene
In stock,£34.56,Three,The Secret Healer
In stock,£54.12,Three,"The Sandman, Vol. 1: Preludes and Nocturnes (The Sandman (volumes) #1)"
In stock,£33.78,Three,The Republic
In stock,£29.64,Three,The Odyssey
In stock,£57.70,Four,The No. 1 Ladies' Detective Agency (No. 1 Ladies' Detective Agency #1)
In stock,£36.34,One,The Nicomachean Ethics
In stock,£50.59,Three,The Name of the Wind (The Kingkiller Chronicle #1)
In stock,£29.38,One,The Mirror & the Maze (The Wrath and the Dawn #1.5)
In stock,£45.42,Two,The Little Prince
In stock,£54.43,One,The Light of the Fireflies
In stock,£36.26,Two,The Last Girl (The Dominion Trilogy #1)
In stock,£16.16,One,The Iliad
In stock,£36.29,Five,The Hook Up (Game On #1)
In stock,£27.89,Five,The Haters
In stock,£12.29,Five,The Girl You Lost
In stock,£15.85,Three,The Girl In The Ice (DCI Erika Foster #1)
In stock,£14.40,One,The End of the Jesus Era (An Investigation #1)
In stock,£19.18,Four,The Edge of Reason (Bridget Jones #2)
In stock,£10.64,Three,The Complete Maus (Maus #1-2)
In stock,£14.76,Three,The Communist Manifesto
In stock,£57.49,Three,The Bhagavad Gita
In stock,£30.66,Three,The Bette Davis Club
In stock,£40.83,Four,The Art of Not Breathing
In stock,£18.88,Two,Taking Shots (Assassins #1)
In stock,£25.83,Three,Starlark
In stock,£42.12,Three,"Skip Beat!, Vol. 01 (Skip Beat! #1)"
In stock,£13.33,Three,Sister Sable (The Mad Queen #1)
In stock,£42.40,One,Shatter Me (Shatter Me #1)
In stock,£58.35,Three,Shameless
In stock,£21.72,Four,Shadow Rites (Jane Yellowrock #10)
In stock,£44.91,Two,Settling the Score (The Summer Games #1)
In stock,£37.46,One,Sense and Sensibility
In stock,£28.48,One,"Saga, Volume 1 (Saga (Collected Editions) #1)"
In stock,£28.34,Two,"Rhythm, Chord & Malykhin"
In stock,£46.96,Five,"Rat Queens, Vol. 1: Sass & Sorcery (Rat Queens (Collected Editions) #1-5)"
In stock,£24.96,One,Paradise Lost (Paradise #1)
In stock,£21.71,Four,"Paper Girls, Vol. 1 (Paper Girls #1-5)"
In stock,£29.87,Three,"Ouran High School Host Club, Vol. 1 (Ouran High School Host Club #1)"
In stock,£28.99,One,Origins (Alphas 0.5)
In stock,£52.94,Two,One Second (Seven #7)
In stock,£32.36,Three,On the Road (Duluoz Legend)
In stock,£55.66,Two,Old Records Never Die: One Man's Quest for His Vinyl and His Past
In stock,£39.45,Five,Off Sides (Off #1)
In stock,£47.11,Two,Of Mice and Men
In stock,£58.75,Four,Myriad (Prentor #1)
In stock,£38.92,Two,My Perfect Mistake (Over the Top #1)
In stock,£39.39,Four,"Ms. Marvel, Vol. 1: No Normal (Ms. Marvel (2014-2015) #1)"
In stock,£25.89,Two,Meditations
In stock,£28.34,One,Matilda
In stock,£27.70,Four,Lost Among the Living
In stock,£24.89,Three,Lord of the Flies
In stock,£58.99,Three,Listen to Me (Fusion #1)
In stock,£57.20,Five,Kitchens of the Great Midwest
In stock,£38.43,Five,Jane Eyre
In stock,£34.74,Four,Imperfect Harmony
In stock,£40.44,Four,Icing (Aces Hockey #2)
In stock,£45.24,Three,"Hawkeye, Vol. 1: My Life as a Weapon (Hawkeye #1)"
In stock,£34.96,Four,Having the Barbarian's Baby (Ice Planet Barbarians #7.5)
In stock,£56.76,Four,"Giant Days, Vol. 1 (Giant Days #1-4)"
In stock,£40.28,Five,"Fruits Basket, Vol. 1 (Fruits Basket #1)"
In stock,£38.00,Two,Frankenstein
In stock,£28.80,Three,Forever Rockers (The Rocker #12)
In stock,£39.24,Three,Fighting Fate (Fighting #6)
In stock,£32.93,Two,Emma
In stock,£51.32,Three,"Eat, Pray, Love"
In stock,£47.09,Five,Deep Under (Walker Security #1)
In stock,£28.42,Four,Choosing Our Religion: The Spiritual Lives of America's Nones
In stock,£22.85,Three,Charlie and the Chocolate Factory (Charlie Bucket #1)
In stock,£41.24,One,Charity's Cross (Charles Towne Belles #4)
In stock,£39.07,Five,Bright Lines
In stock,£29.82,One,Bridget Jones's Diary (Bridget Jones #1)
In stock,£37.26,Four,Bounty (Colorado Mountain #7)
In stock,£20.30,Three,Blood Defense (Samantha Brinkman #1)
In stock,£34.65,Five,"Bleach, Vol. 1: Strawberry and the Soul Reapers (Bleach #1)"
In stock,£43.38,One,Beyond Good and Evil
In stock,£55.53,One,Alice in Wonderland (Alice's Adventures in Wonderland #1)
In stock,£57.06,Four,"Ajin: Demi-Human, Volume 1 (Ajin: Demi-Human #1)"
In stock,£16.97,Five,A Spy's Devotion (The Regency Spies of London #1)
In stock,£53.98,One,1st to Die (Women's Murder Club #1)
In stock,£26.08,Five,"1,000 Places to See Before You Die"
